SummonerName,PUUID,LeagueId,LeaguePoints,Wins,Losses,Rank
,Ng3sCEsYNtSXuwhBxU6GOKwe5xRGWrAc1e8XL9uYNdRyO5cd7iZkV5_xI50BY469YO7DfSdB-xMD2w,2712dc98-2d41-45ca-9883-104aa7d418e9,5,80,63,I
,cu_Qqe1yi5v5PYuwEZe1rh5l5nJBReAudn60e6l_H-Mm0mXGPiBA1x_U2PF-lOUZQVrRvu9DqrCZYA,a3b9979c-92c1-42fa-be63-fb733e9094a1,36,97,108,I
,jWIUt3loc-eaUbJyFQXXZle_sWON7iTeJ8JsN5RNFgt2_ExkG8SnoC8v3ODcgaKiKdwvtYsux7aXCw,7b7a6ae0-c0f5-4261-9b4f-fb32d2474ca4,75,108,120,I
,nQ7rdP2PW0_ye9K2rw7SSNrPe9hog2Ex1VTTJSfuyzMb8W3KwaSUMcd2T5Lcu5332mneBb1UMsCWOg,da564a56-8574-45f8-b0a5-c74345f9b743,55,226,222,I
,NgttIxV_ulWw_Sqz1zqmYaN6_TtZIdFen_kC2SjvX9-vD-e7fLakzLmTxexQjeGBc7IeBCEScO7CKQ,46600a84-4b6f-4e8f-8d3e-6985c957b867,26,488,496,I
,FoqxXH16qap_qekas-ylf4RZzf8q8ix0c2fmYPSG7Hh6Y3DzY3qKxPO_rCieBg5LLA1cNS2-BcbMFg,57cf23b4-8545-4383-b02b-c57c52a7f7a7,75,153,136,I
,XImrUX6cvpFTwdNfLnsRgscKQkYYC-ePbFlFJnNFDejJEd9k1x_4_lrf6elh9Mw4tUurs_6gqNqVrw,8fa3dad0-1517-4c2b-87dd-1d9541b3697b,75,79,70,I
,sZScGL-uHT-b6yLRGW5QiRWVrK9_jgVcPEvgTb_Ryyv_mcrzHLDvt6_QZ_PWJSlbWSMNup3dRuUdfQ,b41c6ec5-ebe7-4dd0-b37c-2a40e8ae4757,75,96,76,I
,Hib8w_t80cytuIU76-XDHdCRYq2-5m1ho2aJ0nBzlxzWlkf_6zlBfFblHL__SPkMxuTtFKHi0yB4rQ,1323d3ad-1a76-4e4f-928d-93ec89111e10,75,163,143,I
,zCz2yJmcp9DqYjYAuxC_wvXAYNANt6zrkAmLsRfG238BIW94TUzxoEvkUjtrLLu5pBW3NmK4EyJ85Q,5fadd346-cae6-48d8-b12b-d64fb7896b19,75,149,107,I
,EPZG8btgRXmu0B-fep6DqlIM1WFyvkDGy3P_m9AvTiWWtskCqPTE2qO2IQhjUHIzNjU_ga8XwDyoVA,b35d18b5-07e5-4658-a8bc-a99913a9b971,75,64,65,I
,ZV0SZE20iceMUOqysguphgzh9TrflX7_3IO1J2I0uLXiCJ96StrMS9lcRaJwxkO4Si0qc4xj57HKNg,b41c6ec5-ebe7-4dd0-b37c-2a40e8ae4757,39,52,54,I
,MDqRC_aRsThHZD0GilbKN7FNldJuG4jEoB2Be7njZM6KO03kgHAozdcWrpmfT00NKWYTgENhkvhfxQ,fbd6aeb0-5ad2-4ab8-a420-3a2dae01f874,75,96,82,I
,bpvALjohbnKwmE7tZBAu-zMzupa3l8mxC5Y-dqYFX1lQN7qvk7JlaSbK1fbavr8gYw2SjDJLEIpfmg,78c3440a-2f61-4dde-aa14-e25601d56df5,43,398,408,I
,1celkACHY1bBVFIcecHnpr7oPD4ftt0IFodoBPuWVAdrxxirw9JP-ABj_b27od3KDV7CMgLvLHxfgA,fdef7430-a295-4104-b18f-4dd8ea0da478,36,41,42,I
,YWhA00FKK8fokO94D6j_B_QoBSmUuggfqKATKaZlvLrqliNJ-KFQE28Z1666rDMUfCyH8rHBMeVErw,c29f0aa0-3920-481c-8d2f-b87d982d809b,33,247,217,I
,ltWwvFUIr35xtP_X6I8FtHF-7-k6w0gwxF3EOycsHt_3k9F-mJjal6LMx4U2zeACgXFAOTCUHR4q3g,e854fe45-3d1d-4d41-96b5-87ceea929f39,75,47,49,I
,I3bxspRFNxzSwdncrM7wkbRk1D3O_-UwHhdmw3i_QVmyzDoA6eBJ3DYRBpyrCi2hwL6KTczqIfP0vQ,60dba0a2-c931-4b95-bcb3-2f29f1863c5c,56,513,484,I
,pbOrh-ZlTGM7Lc8W1N016BhtLYehHYyFyEsH4X1WU3Tkid9ZXlzGC1R0h4Zil7qr3ZayqrEpyPC3AQ,f68c3b16-3a53-4cdb-ba55-02b85af90cd9,75,61,56,I
,yst0eI2T-3MJc-VzH-qdzznY84QxyRaObnw9GGShfR3iRLmvRle7Hhu5fxWpMn28gDWgx2AQtnF2mQ,9cd49aec-58a4-41fe-a6bd-1a12abb6effa,75,104,76,I
,bD-mtilIGeWnnve7fPJzhQOaTv6reDKmy3yyaJzlH4RwdhYw3CMueVe0WKz3Qsgi9BfDEfMn8mzIgg,2a03ec0d-84c4-429c-8a15-e7ae6e7c9a3c,75,67,65,I
,cenPPnO8B0H3lbWsYNPSq6n7H5l9b1WEtqeacZTTl53LVdKiLXqI5mxg90jVOoPMbV6dPCID_MQBNQ,02c0fb7d-7127-4096-9bba-bb2d5f611900,75,191,191,I
,DXlEunlhiPLHql6GDbcjhzpzKCl4Ea-V8FZkvjTwu9HcC4CFkeEvnW51mlNYVhJaR6YaDQtjQWUKuw,7ddb2d59-96f2-4cf9-ae21-fc3e3454132d,75,60,35,I
,RQY7ra1i-mKuIbcc4xgsPLfAss1hhKAx-I9fPqgUCh2VAYE4zyFd9kCWFMQlHSHraYqmS993pM-suw,18f2fce0-9bbd-4dd2-964b-4bca6830db59,18,132,92,I
,mIfhehN95uk9BwNIUUcXf3YBGv4MWsAsnz8vDTvWyN4Xm61SSqKlJOdBhfxPVO5XUqspb1di0Fg_MA,e6aa4d6d-264b-409f-a5ac-ac870be13834,28,215,174,I
,DkcWLNLHERtO8ygyAe7vXW5ZCa2ezjF5XEN7OaVVUVMkQqPOSfbmLya-Mreg1AgmgvvS5odOSGUAFw,4f192552-0130-4d18-9d9c-ea9a80d90c77,39,150,162,I
,ZkaoznUYlK1iASjSfUfiTmbZ19SLV5emikOkr3FAQ22bWlBvSA7Q80ANdt2ofLW8Es2puoX7yWMfuQ,f68c3b16-3a53-4cdb-ba55-02b85af90cd9,75,85,88,I
,4LNDff1AbcImDFi3B5373mb7hlh9iecVtO8DrVeTeFpJ6sRurKtPCqZCoS_O2jTRHuM_FUsPpI7sbQ,bd48d230-21a2-4732-8010-448b399066d5,4,100,72,I
,-AzdHa4A0QqwiSqcxYqNCGXL9x-hm2pGpOhJvYtWpkhlr_aUlZx977xZIdmxBvbhD91qPd2iE7YmKg,0237d69d-d463-4758-bb2a-b8dee56505a1,75,218,189,I
,oQ-SzANITepxkAbCeCo9r3QoMbzVIV8Ub2AYI8opafddJ4xCPAjM_oMzpdYwgK62zqsb-mlhdYNh9Q,17e10224-a0b7-416a-aee5-273b630c7000,3,80,82,I
,tkjxiWvLnWIE0fuhYi5B70H8GvGfClpMjTbGsFADAzcq9wdrWEwuLpdlPdb3Q57Wrc9VHWsjAZLqfg,5228307d-16dd-41f7-86ba-89d28164f4b1,75,105,94,I
,-lV9JG4HmC2EVmXYdyyoB3udQtiLaM4I5j7FKnuYsa6sNONnnVnd3IV29TLan4BpEA4pSCyew8tTiA,8945c870-d907-4048-867f-8e4ce4cc627c,15,355,349,I
,ve5c6pIimUiObzuHs_hKdq6tjnd16G-95AkuArFi0gDTlJxkNa-Sl5PCBU9vjxfUqAW3kBAcifFnJA,620d1807-e126-4956-aa5d-bd4b865595f9,3,147,151,I
,-BH9UdV_Fi521wpTfl6IqEo1TjRxURtO54Go68DDNki5iRjF2LcviqiAFTfYvaznOAkDg76e_iH3cA,55a22129-96bc-4c47-8930-1c8a6e05f540,8,75,62,I
,hb6JviBYSxwFLfU-gqnasrp9NGW2VXXWsSjEHELdqtRhBleQ-l1YatWzFlP06F35yinLpJ3KPhdCCQ,25e134d3-9330-4102-b7df-2b136fce165c,75,98,54,I
,93w-9w4K27k8WPb_m32su_mfPnf_297A3N5GN-P8OTsfHuHqfJbaugbl6b87SZmLCCs5NKbCCWMA9A,55a22129-96bc-4c47-8930-1c8a6e05f540,5,78,76,I
,GI8vm2uFZ77nCK8vDp9zweU6GNU6oIXOPt4f-nzk_QbjuNffSQl4EzCJYPqRYHpFARm087NmZCcwOA,0237d69d-d463-4758-bb2a-b8dee56505a1,75,41,31,I
,hposfjHryz4-JolaW-tUoh3aAN5BLTdz2kYR1mJt49MguMpXuy7TlCoVcefCbF_bxWwNTWR_NKeDBw,0bcea4f1-7c93-4a3a-9dca-9105241811f2,36,64,59,I
,0M0QAchd0BoYqRGya0X_LF8gtyAA-c1k7XNM6RubCHw7pCnN2RTMIpJyUN-8uuaGTkEYkzDV5mtzDQ,145a56f5-ac5a-4eb9-8dd5-c27b7edc32ce,75,137,128,I
,c2Pon45tHFwzLw3kYTS66d6bSlJI3P6pxT32G6dUAmsVHFU6e0H8ZQ9v0Rn1kbOJ9gos-PQr-E7qfQ,02367dc3-7536-48ce-a449-0f4aa8086ea7,75,66,56,I
,z8YBrQhonFNv909Kxl9SNG1I1MdFMk6DmCbyFhRsWqFOW3hewynrLNN2nxG79t47uInY0xWutEtzDQ,fa1e2a7f-d1aa-4f96-aab5-94aa3009c1bc,46,126,112,I
,f_UW5Xp3NKQmITyovUbUgJAqrp1zy4lexyHlnb8Of_5-kI0xU86TJTNZqTbJiLjTKlTYoOQhjW86Ng,dd18a6cf-1f38-4787-b86d-6f3a277610ef,75,297,269,I
,9FUAqlg49l0rLcwbnX1pgqLS35ZqMZUeJdVuDg88adAT_ROLTdGnCM5DZLE9DaNYy18VFc7NuOsz5g,f00d9f28-0ed0-4fa2-a1a8-c14597f800db,37,232,215,I
,tWQVmLANcLM5LHizUKrZHeaYrwC7LLOWwTZiKe45ztpdVfH5pTtUMvH5GHykekDrtiEhh1b6uhDhMQ,557f8cc9-e745-4ede-9955-16f8ec9df45b,75,39,31,I
,JiTHX4KDP82Aw5sQq7RW5Y0WpBhOBxqVDDfTJ_K6Tkl5V-2omiaK93a0aCWLIi3Ku8x0fMaDT6kXXg,12f459a9-db41-4e3e-a44c-d7e941ff3a6e,75,95,99,I
,COxTajdMZE37AdB5I9Urw7hUXmgsWriD_AxrVGWRZKU8FnfMntevWJTahiPyPnsDR9ZhvdUDvfBrMw,34e8596c-a2d7-4ff4-bff3-a352cfec180b,75,79,68,I
,gMhKaBp5njp-CHTuu7qWtYuFG15yiPlSUSukHFblnxLPNjXaCjNbytECNqxKdGmkV9ZsFXVqj8bTFg,f422e6d3-331e-41c2-ae23-2e7ee910e2a8,75,344,318,I
,4Sqxm4Xef__IpQuN1UbVTE8-2ijfEhk962Zc2iAIucb4ufm-NqLfQBYsRyU6TG4_8dZEUt7qLfLbjw,7b19d87e-1a77-4e1f-bb6f-6607f14a8b4d,75,94,102,I
,jM1CIjUNdoJS49_IGHPYFXGLdQmNqEQJ_lqYx4Wc0Nm58FAsIIZ9GaA_RGGk-o7_1zGbTLHv019zew,dfbe3b24-91d5-4df6-b7d9-5f541c0675a4,75,53,42,I
,xkz197UqA8NVOKMfw1lnmlb2vOR-iMh90D0yASRECEqjKxe6Ou7lZEPdZ8SMRt_xXYxqdI6VPw-g1g,4d4a3bae-b28d-43a9-895d-c8c9c2fb66c4,60,48,32,I
,EYF-OOR00hWZGPISqXEMTV_8CJ1C2WzaDKdx23bEnJ3BiuJakuyXJufdnV89oxvGMJ2p7PsKDLSH7w,d41d5d37-66f1-483f-b11a-a7f6f6ceea95,51,88,84,I
,8-vWZ9tFWOXkuJPId6DM7cqrAJU5cXS7n9YhGit6jS6FH0deYNgAuTCxvHWqAQoBrpeBfmKR4Bg2tQ,2564570a-29ed-4467-98da-b55b078466a2,53,44,30,I
,U57m4wfHBaGQ5CAAoEQge4QmuPOGmXPo_2Rve4LD1d6zZ9hV4ULtzpcDZVC8tQBMmQyDfIACdWT_XA,e9dffe4a-e75a-4da7-9997-f59c8392910b,98,68,57,I
,w2liIAROUUo5J7upWOFRC8P_XeP1xwVzCt8HdZC06_QqTnP1Qkjmv3lBZpEP3R8feLaDlOz1viF3Kg,0bfc0e19-8123-4a5d-a13b-8864e8afe66b,75,85,89,I
,KAKRPMR6ZnXGCdmeqj-rwTQ13rKEovuLg1HaorQdpGw-lh1uN1ytgizycLYCcI3PuUE6UIsU0oN9Hg,b37a85fa-bc43-43d0-a49a-1df711073be8,45,78,59,I
,ZEWalQ6HQh3kTIIJVgA_i3A919OtBvzP9D-Rb4Esmu72aGj_g1nBs0DLMxH0KW4hNwzR4xJrbLCPUw,eb2cc640-c214-4a66-abbf-274a3f0770d8,51,124,111,I
,aHswZPaiNVFCmgSyrHMD9eiFvhkeVWjx2-mMLhpZ2CvBz7lHwPuWdP5fa1S7GhOWEKfpc-NqQTu6_g,a84f96bf-af6c-481d-aca2-9227e1d337fe,10,117,104,I
,f5ZrW6M9vdPoFF2SfdGX2mpKSFp0NG4T0x0XEwqFPCzalNnY0xT42EyWZv2IQ-WVGtNRI_N6hJA2ng,f00d9f28-0ed0-4fa2-a1a8-c14597f800db,75,69,39,I
,J1KTfYO2A_uvGw6jYl9LjCVK22LTgf5H8CxSS-8V1gQoinRV-iTuFzbLo-qm44X3GeDK4bAEpaLoKA,9fd4628f-b065-44ce-9cd4-ad6c57233fb2,75,44,31,I
,OLjKjvcf1vzzA4VuZxqYjnj1RY33DJOWPjOVTCha6qwT30sjJ2VsH8XJ0KDEleLQZesqlY-opgJaVA,7ef36f8c-1414-4669-999c-144294d08937,56,169,164,I
,GIFS87jeZvxJmWbNkEq2XEIZ9joBooxfBCDTLhmHNi5g0ytNZOuPDy2AAzBIqiXO1mzdKhPbE6PQyw,800d0738-1839-4fe2-9ac7-5ca5d1bcc626,80,396,424,I
,rKDLagXB9dnV4X0r_86lAHmBmVTblPTktEeraZJCZX8uw7UVpKXhKJaP403YBoe8TXnWwOWcQ2EKwA,537265e7-0f46-4ee4-b76a-c7f6a14b5d73,61,117,116,I
,bwHo40n5Cytpq2A42JU0c32IZ77TmbNRcVtZi_t7Pt7GelHwaNUjCogusJ686Dlhi6VLPWvDrKve2A,24e5cf2e-1acc-4410-8ed6-b581f8dc36ae,75,35,27,I
,JDDoR7hSZQJ3cyAK2iB36jlZbftrwF-eBmGX2J7pfdqC9ufEuxbOmHcZPGd2zA9eSR4wAmBMjoWzeg,d23b3a40-5340-4961-b1b2-5e939a075eff,75,142,131,I
,z8XKR-bfyEUXw2h9I1fHD4dIrNBQIGpG5AmbV7b4hdFC1GhpLcBPiJ8qTD8vtsLT5ZnF4LfNz0ILhQ,00c21290-b6ad-4477-9b3b-199a8e9c7422,75,307,300,I
,uqY67u1PNEtEh669recG9hiAl8LhitCFogPaVzedWCPIl_BRny9CsVOcjqkbDDlAQKfNPpSA-rRWWQ,0bcea4f1-7c93-4a3a-9dca-9105241811f2,75,240,211,I
,ArWhdBtWGPhplwhOTcXrkeloC2tzdjJQA379EIrQhzvNLB93isFXUZ-hfItCioV-znekhMNnfZ7Kag,f9a8c2ca-de15-4558-a6fe-9b1df732c2b2,75,67,22,I
,5SuKQuzcdcDzInHT9Iw_YyeRBwlCf-4NX_czl9TmpOszuulxQGcUdsjCAN3B2vX3KJU1wHOquH4EVA,77f4f37d-d061-4451-bf88-9bcd2fa20296,75,43,29,I
,Wfn6zdd7dSRL1FLQkYxTze4GsyvH4OH-EdG5ZwXozeRZ-s0sBhPv12RuCjE1eAiIIe8IRXHmUdeHcQ,42832c4b-5df9-4c49-a025-59efa7b14188,84,485,492,I
,rvBwadexy0pLEaP3IAW71vE4PVVv8rW8LI-CI4hr9T7WKXzqlgSo2oNVADJcTskWVwMAGONQ3IK7Dw,689c0bf8-5e59-4e91-bbc5-bc724c75b2eb,75,183,146,I
,Lq4SRzbN_ecAJkTuIi8iLCyW7n2_F7qigNiRFEFWo591yLII3zPKkcsc3YJUJ6apYDtwvB-RqWJztQ,19848796-7440-4f95-8041-2cb09b5aa341,11,83,76,I
,2vAIJH2aElOdzSHJL1sKTalyNUxHUJRyNxzxAwPto8lTQwsbNEgr20NjXnc-K6tPQzbgRxiSDCQ1gw,7ac71642-e557-40f9-9cfa-40d603cc9d19,96,141,134,I
,ueQ6lMuvTNFQSBlHEngovKpnGvjZxTyYEY61nscUXiNB2HkXeQu4XPzQofGV0LFKF5NR7aD82wv2pQ,809ca05a-f071-476d-b5e9-9d640e69a6af,55,56,70,I
,mVnHntGU90rvdTgFldqC9HYs5dRToRGYBDHPonZt_Q1x8fLYxz6y_t0ZhFBkxB5p_8D4BIPPQRfQNQ,0d393a17-9261-4d23-b7eb-b4dffe8aa799,75,177,165,I
,Q3PP932rpgodK2rk7Z1xraZCoPer_UlkhGSl9xNnEbHgy293ultMWn4zUymqGEwxBmlzHzdE-0bihg,06d861f4-45d2-4e11-af09-bd8fb2e74bb1,75,82,57,I
,FiOR6ocQiT1JgvdIXSN9m9xP5u0MRqQWIcsCuHEvNrG9WvdY6af8g1CdQ5gCcsLIiMr8utJkc1vQwQ,f77f3e34-8f03-449a-9c32-6f86480c557a,27,169,155,I
,KtAk036sTQjeUP1nWjP9eBxg_Xai6AhJHI3Ez8LR-PneqTuNX46h2bwyye5NlzkrPciZhxp3kn2lWw,0bfc0e19-8123-4a5d-a13b-8864e8afe66b,75,336,312,I
,6oQAzhfUdAWNHYxLTXJa5ayVs_hOUhsYmXM8XDuvTNoAg7hDUDZVlIyUDOO71Wxne_vgY2puvht2TQ,5a8f9eec-785d-49aa-bbb2-5b5fedee0eeb,75,128,111,I
,PAO4MbhbHtYkcAp639dePnnK-4qcJdW8N6uqVqApNT9aFUBIByXe3051HZZd95WOTe5PMbQtfqDZLA,e28a4cc1-f06a-46f2-b3c7-335d414c69ec,30,186,192,I
,JYbq2qlPazEW-QtGW2q9YvxupicqfmT_V_j6Z48yFDbOFfjY6oP6OFgGLIjTUYZZs5-WGdcTMlfQ8w,31861c2a-f546-4997-b31d-7b0132c60802,38,102,97,I
,IbYVq_BC9cD0LZiYKGzpDTf_JuFqK4l19cd10dnJd4V58YSRfgKQgPmRmtm_l2Db01t0L0zYkQMtwQ,010cb632-bbd2-41bb-81fa-a023eb4ecf9d,62,69,72,I
,93BxihAyEZzR1v2jghYRqL8JNNSYlM2CEUBwHTKJN_Nrop-mPxyrTwClGgDKCR48ejLJsVrHeduslg,fa1e2a7f-d1aa-4f96-aab5-94aa3009c1bc,75,129,89,I
,DCctab_myjdafnO-Y-QnmnoGvYR1s9F-5yJFg--vwizKx7Rl3U8C9p2txkK09iWPa0siHpyf2bca-w,140cbe18-b8c0-4e58-81f3-37c47430ecd5,6,60,54,I
,bQdExT3-RUdLbICAZUYUr1fXUsIzjuC1hlVlusOzDMDOqtJZSvJUQgCULz_EiNx1OCDausyRxzAVng,4cd35049-9e17-486e-924f-1662bef3d611,75,34,26,I
,fXBLKj17KYhxk_oPbor8P4nVRairWvqwuAXQrxJZSIdUVWNVp6WUJ1TboPtlV5BF6E0kd-mQi1MHSQ,9ed42244-760a-44ea-9095-cb4ffeb76415,33,238,237,I
,5VvpsJ0MgS1LA4q9cdoczgT6BQzgIjWXNQA6N8TYNn7SlKlQFDlGvXVDpTzar_MfXA4OOVXJXsV7sA,82612d14-162b-4975-9ef5-928712ee3446,55,102,102,I
,sEw6qNWlRhxwdOKr8vdlfjdtGzBqiOXiNZ6eaNrk3OZo-wWE-TKrX_O1qgXmwXn7uggiRgg1VS1Weg,2564570a-29ed-4467-98da-b55b078466a2,75,47,27,I
,TrSw0ZYH4CEbvRVf4xJYmDF_wu2PhpD73WePgVKtHkkVnjothfdL0AdyvAw3b4heHzD0i7hasTpevA,f6889d90-b0d8-4a82-9e5e-1f7dcecb9ce5,53,65,30,I
,1sy4ipZpTPwre789JKmBWbADXdfe8iIikeVvQPmYD-r0TL7lJ77N9uof2mjlF9kahSNnlW8rwruDRA,4b3c4185-b0e2-4e81-a057-5b181329dacd,75,80,71,I
,CCKnkSoyDQ89lGqrl963fuwjcY52-L30SccRKai5q1M-KZF1r2uzsYdlsHiODSqMRer_HNFRqpkGWg,ec3f6fbd-7fc8-4369-ab2a-cc8c5338fa13,81,49,25,I
,HxvQ5Pia5p4AczC1lp7_v8K04jNyfHWjFDhrbU5Zi8A0Z5V92MSBL14sjs8ij2-NteCmAxgqOtXbJg,8ecbaf00-7e4f-407b-a901-f563476775a6,11,119,126,I
,LzTf7WbiUTSvXDBUpP6hKBxY3z-7aWZHzmIw2ocxgZpetGBgXChgU4VtBYul8jW2vsyLmWvsgJ31eQ,450c4c7a-2704-427c-890f-02fce80f4553,75,106,89,I
,ES5lXLvEqe54J_Po3e6PVYvIY8roQQRb6thyTuZCGwwM1X92uMP9DCDh0plFrYkpwK2kURDhLXKUeg,5571e88f-3fb3-455c-9d9d-d77bf3302ce3,75,131,110,I
,VhV9x6tNR-TZke43A5de7bUti3NjcRtXRAIjZHVxBZ_i4b5076KUW9wo79DLBR7sZDOcKK_kQ9lhHA,5858785e-1ed8-42ba-8b42-3c3fdcdaa1a5,34,332,344,I
,wCJSiEO9OGRdEAX-WGoihXK0uzQTXFrlq-ZFIjt9aNrFGrosPTpuAUhGQ_Oe3QForVuZiayWqFLMAA,8779ed0c-02ee-4b96-acaf-6c408f8163f0,55,135,124,I
,JQhl01I9whYrqY93kw3dkYDINf40bN3Cu2kQwk-cyjqgu0O-d5mMRztnKcEGxBDEEQASpC95CX7cMw,305ad08f-956f-4cff-9101-b69b9a41486d,75,198,202,I
,VYmo_Ef6RY5SaACowmJlGt8oIIYLyDgHnJuvQyGMgtLwjrUMWM-516oCC7ET4t5PKG7XnvDxToTbkg,964e6f0a-4d44-446b-8d4b-5de577be9987,74,34,18,I
,YQDvs0HIbxX4T8yXo6feJzSwx53FR05esgzL9qs38_YA3r7OXv0KYZllAAJils2jgJgWA1cikV3mOQ,d2516c0a-f8d6-472a-93b1-bb0012e73ae8,12,525,531,I
,AG3zjoQS5nlN3wd9ZE4tJeu-Wj0gWXPmjHrxoZK-JRmQlH0rRtGzw-D4YGwbZ7pSGn6wsQggFn3XuQ,0a1163ed-80d6-41ca-ab98-6ddebba282e7,4,60,57,I
,KbMdAmYkWHXJm7373adXZ0TnvXNkQjUBIELMOFAU9n88HD3AhUVVJpmW70mCLyeurCUnJos8oINKog,0a1b45be-2f3e-44dc-a3f5-7d5510b28336,75,95,73,I
,HMrgPXg_DXd7P4K8g-CNU9uvWn1NWNqWwGkfmhLCa3sMTcJQC3vraW9eCBdH_1a4cn984p7fqAx2kA,ff0a23ac-747a-4b41-84b3-2c87aec6e869,75,125,141,I
,t5hoDwopv-FKCQKLNlBrDER08hB5MjstcVB2BUbsbX34lDuiYpIY3ehZGneWhuhLWNx4ocOkIO-8HA,87f128b6-aa45-48ab-8f32-9693b173638e,80,128,103,I
,cRj7A-TURLWaulcWbfADyxSlZmkd77A3FmdpuXjmclXXhlUC4z2JBGuXfgCEtjjt47Iu1aLQ0G_5-Q,c29f0aa0-3920-481c-8d2f-b87d982d809b,75,123,104,I
,f7QppkOMfHHGb1uO4m9E3PAPwKRczschasgwU5uBDkAuo5mv61hq_4XZpzn1cGrH_zLaJdr-JGs_EA,267aca17-b539-46be-ac0c-5851b8cae5dd,35,106,95,I
,41Ef6ZZ0JWhNKgGkMQwbWHi1rTLsX84h-wLXPRvoXsElgO4A4UTmnIbsRN6HZZDP5k1ix1AXmBqbBg,8945c870-d907-4048-867f-8e4ce4cc627c,60,124,129,I
,IssZu8NtoO0cnsI9Ip_4Vydei4KOJkNwcPbAF7Xk14PlgdTLuw92bNDJzhyFzejemDT3Oi4IUnaozw,9763d7a7-947c-40ea-b66f-d16aeac66e5b,0,76,43,I
,_BQWwxqmRtGCBvLUCmVqAdHen0pUgNg0K-q0-vSrx6XMUhNdcbGRUcqd5NUKQoD53fkX4uWFbYhJDg,7bcc4dea-8717-4709-bfa0-29b240d32b9a,75,134,102,I
,80IZ9H6eM97MJf-KMzQFIOO4kEyOzAQUbwhwMnX3UpGVPs69ri9Jf7H3Vu_exj-3HPkJ2ubC_sCQtQ,25e134d3-9330-4102-b7df-2b136fce165c,3,117,57,I
,U7Ci9dlcDgZQwBD4KrvLWG_KdrpyMVCX3CK7QDuENUFjk6LxRX4gurBfQRh422iaDdd3booEL8jk0A,fcb34dbf-599c-4585-b05b-ed91cdde7c4e,75,213,188,I
,-4GbVtRoVMbpD09yWIkZLWK_nBqypxX7iM61v-DJkdZ0uHmQJ55BDqR8n5lCu9yBe17javskdqRKgw,20926a38-994c-4221-935b-c9bf0b5d3075,75,170,157,I
,jVbyIPH3HmNOl5sGBib-St1NgUPQpyJQ-ac4lT2TOtBh58gZ-n2fvp8-8OE6XqtZS3ejR3ySr243Ng,c119d005-27fb-423f-b97e-5aa1fddb1a9d,75,155,130,I
,bH_C4n_K5RaWkdX8WKOEbOEJcBVqgNdAc1n3-9bNl8E0m9A87mok3Y9Spu8ONBB5Il0IuEWUJp-uKg,7f9bf877-81ab-46ca-969c-109ead924df9,75,95,63,I
,VkPfL_R1D3gmikPp4dB3y8rnsLcZqffPI1hbsmMFGhMAUVVBpBN5GXjoNYImfodpTRog6oR5c9t1Wg,405b9b0d-a025-480a-8a24-2b2e8b0ddb2b,66,121,117,I
,-ZwD1mlZ68kBY9nJcvmNJ7zGdgXKbPQrqMKF4_My0REIwCclKf5T9ThvyCXhiIkl7-AHXaMOquI1yw,e2ecc448-52ab-4eda-8376-24b7891f2339,75,118,38,I
,6VpAn0EALKVQ5Jo8x02aPQvL5kPh8RKdutqTopeyDj_k9rKDiAgEJ2apHZOhfR7W0rIAw0CAJV4I7w,b72cf5ff-3d8f-4d2a-882b-19edb4d99e65,46,211,214,I
,PyGeuNSMK6gWX4NR9AlN6Q6Vo26GO_gz2f6UWMbAMg9_KKSIhPz7-5gKe3Zd5qHycsjNSe4h8GIUqQ,3f172b46-f4a9-47c8-83ed-47ca0df9356c,75,56,59,I
,8W7R413sZeonGAWgUqfC9RT7jydxgq5enRNtqjKxm1-GEQBY0tbmMk4yL1-LBSHIFRh31YUi2BjwhA,afb9885f-3357-44ff-a197-92d563095659,55,76,48,I
,LWc3aV_ZZkb9vK3c9WFOyefjsvhes8Vzsjfnh16BziIrR07Myr77HHbpdsTOO-wHFyE-bnPLB8-ujQ,a86d8e74-084e-4c03-a4d1-66b7b39709d5,17,128,127,I
,ZBANapU9sG_w2Pa7OICFFnUEj5rvBST3ymdpOPITv33PCJuPslHGhMdnGJFFB3HSXLnoUekQyNpFdA,cc94fdf7-1f6d-4549-b605-236e0bb9ee54,75,136,110,I
,pn650EeTtglO_-ZXHW3Mc6_CVZX1vLHwIL-Xad4wlz4-gzuchhwjnWrEUO2M2OJxGjqeDudzeP_A1Q,b09c9e3a-3550-400e-b25d-9159e9fd073f,25,97,91,I
,zLrkba6W68V8PEptGMncVvLGSdUIyNXkU5dQzHcz0Hxn9ff_WmSxrNO4O-MUliDwQF6w7LH_0hTemw,f91e5688-7fb8-4025-9276-3477bed59609,63,25,17,I
,M0-GOJtp_Oeiy2t0hU65l-5s2C3gwE-ETo2oEYoRC9Sh2J-Y7WK01iiU-mSIBwCvvgl0GbHDGW0Qww,5f379625-2045-4642-a7d7-1973a658796b,85,62,57,I
,8TNyWoVb4xJMo4jfM0olDOMhsbtHFzAfAkiOTL1E_56iaPOM8B87I0yzX1ImrdOyOGoqDpAo9UweUw,8e4f9ec6-4248-49cf-90e6-5b061ab4971e,52,48,56,I
,dzoKh92uHN5DDe_URazZlTUPEA8QbW-gwaVTEgPlTWot13uPEl5XpzwusCKokbMKiE2mnP4yAvY0ZQ,b31f7632-8e40-4de8-bb6e-2673593723ef,94,162,121,I
,8e_573VBNuFxFCmhbBms0wUoImcywqM6irwZ6GdnUQlX67GzOZNH9E2gT9ENVerpnJZ1s7A7ACfslQ,56ff1364-da3c-4c44-9542-6213a3f24b79,2,68,70,I
,uoBpsvY6b3EtlRW_luNFAWLJCV-hEnon6g6qo3wDY0NXrGjUgFfkzxX8ygzn_i3jtDSdnmg-q6hheQ,3561f438-f1c7-4a68-ba60-e9171d60334c,8,105,100,I
,0aRefKGOfGa9RxdHQUPpGUhjSGSOSipJ8QK3WRMMCBt9CCj29w2-kSM-wDR_7jEcvYv8IHCKg8w_MA,4f192552-0130-4d18-9d9c-ea9a80d90c77,75,72,56,I
,V6qZa1ECEoAApb8HvgTm79SEAqPhCd-BeiUTw7fBTPoU66CyoES_hQQqMKzAi7aiXY6H19mw81XkwA,460166f9-c0ec-4b0b-b457-6b21fd2ab8a1,75,187,170,I
,y8uY-gnksd5ctz1xk17t1dBnUxZPm9n1wLtVYkbBDcPlCPiaJi37IGmE6WNTYHGCxlC-10UDu-UoBA,058fe8a1-495f-4e2b-9d19-59af78de6b63,29,219,225,I
,lRkXpSn0NZsYL2Sux9jvmbiHrk22LM7VPq-7TubmRMpNlBvYSy_n0r8DUd6sjJOk8PP27nbVofDXHA,4fa3a4af-0185-46c2-978f-2d25eb3a76ec,57,122,114,I
,35r9dR06fvCacg8mMwx68OEFjCyQZtZRqWfPFon2NVyMudeGozn4dQu1E6ZkaUsXNu-j2PFh0KRWHA,05b50d90-4042-4035-9799-bd5aa3f7fc34,75,104,105,I
,s0LLAMVM2qU3BvrCeFNuzvIRAifG2WhLpX5dD7PmFvCvBRXJaXeatUpGepmMeB6qeNEExpQf72VpYA,7c5d7897-115d-4cac-a0f3-f6a56260fb9b,75,44,37,I
,sz2Fa0orRKKpLlptJKRLmJb07Zlimctuo4Kmf5ACbxNNtRWXVNIOFL8zm0xTBQT4wuCNkUfSM8iRTw,4bfbb99b-5bfc-42fe-aa67-02f3ca04db50,75,25,6,I
,VWNfFf2cNMkUWp2a7STI19O-AkufRHVkWl843Zn-X8fpUF2YKeZbG0aU3NkiY5Xn5KYnnIkyu1Csuw,4924a6e4-1978-4e31-a5bb-a54d3767a733,56,257,258,I
,YRH8aj3YPGDjzjFiUzctiWzrum5WK-0-dSe6VztbBbDnfNw4SJxx8PfjNuHbcPRgHMFNgtvsfPbBTQ,7d2568c9-4253-4479-b4c6-16683c72f4f9,9,161,157,I
,ho-PcWxw47rKKTRFi3C-EwGzqTs_x896ZxCfK2lAeD1NVR3mbAHvHQxSX9KF_xmxMKYglLJC-XT_lQ,db8a838a-1599-4ff4-ad75-c58371cb8fc0,75,20,9,I
,aoZ-ot-yxXh8vm_hSPHbgcuy8rkX46gSagKZ2ppVsB8xuv-bGawO2VLlpOB24pJ9LA91IPTgDN-wVA,3fe867b5-f3b9-49ab-affe-a0daa9315b82,46,289,286,I
,Pr0cQuifv0Ij9cGAbLh9upyySZnqTHuK6WSgjs80LmXvvZRP_U8yA7h8KGkFygThMgpNPTgvMTuIuw,f14118da-3d14-4650-a008-5da6390486cc,75,201,188,I
,K9LVClDp6DDbSA5P72DwaR4t6kGtx9gz1V28zh_U3K6-hqH6s_aKOCipTZCw2fHAki-u3PD8nlKMRw,9cd49aec-58a4-41fe-a6bd-1a12abb6effa,97,178,160,I
,t_ICt7Dv8rP7h7IanBE5Ny8Y8bH9z0EF7juzJtkaNdtXUSD1SDchdDTKRuwj7eZKgjGhSlSMk4skRA,1e5f5d2c-c3cb-41dd-962b-319df6c35a93,75,42,21,I
,xIZzTWAdD39Jnv_YJ7Y9gZFGK3th3E1fRF5AOI5YMyptGl69_FyZQLfz4oND-O9IcSQLq5weP2Tj5w,c7023434-2077-4c9d-b1f5-76773a785a60,0,63,55,I
,EmTvfUO_uZvvzyLK6qwCq3d3cs8SbJuWuylf612YV3YOOzwDSE5XjjlWh_ladDzaEanikZbVt28Tug,98e9343e-c1e4-4364-ba53-cc4633d52ef2,75,143,122,I
,dEWLbbeTRIlB0a0rFIEe3dZC2bQnzLlRx-HzytJKL_H8KoOxMhFJXisjbrHVgvXK6TSdywwDiwZrIA,de6aa951-c108-45b4-90d5-c750a74f044e,75,83,51,I
,vvj0IcZfks26aY5MDjVdWK95auSQkTL4NUy7EwMVfUsG0iSf4XdeBZh45EH6xodpA7Hk5IPgclfMbg,99302e2b-abe0-40d3-aa42-1c46bbcffc21,85,489,517,I
,gZoXv3bFvGniHlBbdU4zcaHDo9cfWlMoNxTF-JI3nNX14cWm5a5dfSCMRrkp6JkZTMIeTsfnQMrOog,32f85ff7-ec34-4e42-9686-0042371b7ae8,25,55,36,I
,arOtACVMr3whhtPcgHgEaPYEaEwt-Y-69A6ppCo1xD69hssRfDnx2dWfgEpBl-THbHvXbyugEi42-Q,c8a73aa1-d941-40b0-854d-4847e7463c6b,26,60,50,I
,cH5cVcdQvFJkuho7VxpcLPtHwP1NnSLGJSg8sg2PPQR1bIGrXqNYZqRvxWAQfJHGx0DrgrhHWL-SLQ,c05bd502-b98d-4547-8b89-04c44b45a3ee,56,263,233,I
,iQ1DltEXRbj150bIQ02btwBdfnTwNyU0l58XG3018QAjKlYnzL8aq5-lq7siBRNGeNJuD_gF9s-7kg,a8630b9f-e094-4a2e-b02e-63abd5b3584d,47,177,186,I
,B94V4VBfEhadH2N4L3m8AcXDatPrq27SLwQoRROmwDDf_atQ336gxDiTx40Byzje2qPTbZWICOPnqg,18a73e83-c0e1-46d1-b7ec-24370c6df722,14,46,61,I
,Ys0cqe8LeakXDSy1LQzD8mE_n8dqsC55t4e01uB-GuYb3yzvjInx_qViltVrcNC0yvY_Ia8rjUC7QQ,4d6f033e-6293-4898-ac66-4bb5f3d9756a,55,39,30,I
,TnHfdQ_V4ppUXM2hD1rjX0FWsjJkXLu5sDdMzrlJrgqY01yEjDXwJfORUy6DVK8pi99cHW99s_BclQ,7bcc4dea-8717-4709-bfa0-29b240d32b9a,75,457,409,I
,DYFLdOauUOU9yVTrujkfCBoBlfGG538DKduMN8Hh3nUkG1B-HshhXBTcjrqufhJC_ul2RLjoj6vqQQ,47de03be-d292-49c5-8149-7c8d7370df0f,75,467,437,I
,RgU4mPST-oRBFFGRXzhRb0vxTZgVmJm9ppI06ouvwD85Y1zRveYTuN5jcvWDURCYFrm45AnJHNQJ9Q,e68712c3-3def-41d9-adbc-569d9c7c526c,19,243,210,I
,FfYmTcWk0DHkdQTPaw38Mu2ORsjSodLHm0Cu85xcGT0CF9MqYHyqgdL_dvmkaEcQtA9qW4xr5ZsM1A,eec47226-af44-4d42-9245-a72e30acad6e,12,88,113,I
,eKn7gpkY3h-bbUCdQYOd44IuF_1KnCDNAP6I8crL_1yiPECSdZtaWRJxaYNiXmuGznY02K66uFq1mQ,235922f5-9a56-4a63-9fed-e06a0f274b1c,38,67,63,I
,e686O6xaoCR53e_hFormqDifBp-t4sNLxypoJhOedpLOZ85jJjOuMfu8vWHwXIuAoHW4c-fRxVXGQw,91d5c7df-1327-4ff2-baa9-f8f86e52c653,11,68,78,I
,IwqbCpaPaAYvJre6fczmIYzbYfRfM8pxZs8xUEI9Bp_1xEjwkarh0aHlGvAUs2vIdo0LIMKwhQaJKQ,1771d757-2ceb-46ec-aa25-a101ed189a84,40,79,62,I
,xBxWqs7JrI1BKeQj2Nx4eJSDQ1qCxmaC8wXn0uTFjBU6fscvm2oTmYIn-Xza10seFYadtLsP2DIUgw,460166f9-c0ec-4b0b-b457-6b21fd2ab8a1,75,92,84,I
,9Gy0OxHAv2cODhpyRLZxoL0bXlyNEy77ZUF0ZC_JFnoFz1m6DkWO9-76U9I9XxfNIvIZ2MAVJfFHqA,3e0684da-0421-4170-85e0-ad166ba6828c,75,531,520,I
,JxkWDB2rwaqnQY7gVABDypWPGT0vp_x8nBELe0sPjDbmXBd5bRco8YC_PzKRLZHZHrSZ1dSN7YxM5g,2a17986e-7c4b-495f-943f-f422d8bdbdac,37,388,393,I
,AgbNt0NZWQMD83n0_JpK87m33j69hy3Z-MJux2jLB5bZV8W3JUj85AitbASASjIqCXj8Aw0ZGQsWeg,b3369c51-2c7d-414a-8161-f5c64ae394bd,75,140,129,I
,Zu_7VR0lPDmZzVdQdKVWM1EVmZbL_Gln6ig58uZKpp55LpJAgA-6bAHZjvwQ5V0CJUBqleKGC54Ymw,efe1c32a-daa1-468f-8ab9-fff02e845b93,40,304,289,I
,sy25L83YgYEr95k2FHVVRX_yqlMCILj50w6oUgPqozqhi-gy_9hVUtE9NwKGP59pKIV7tAc8rl91mw,dfbe3b24-91d5-4df6-b7d9-5f541c0675a4,25,403,365,I
,GrY7jkN7sg4VU2_etZfRT1WCw5sd8I4iyBr6ltuo6wqKqtv0hHHCEMpu8ilm907yTTsFIFLFE2519Q,4358c2a0-009a-49fd-9e32-0c8fef27a450,75,51,43,I
,CKtIRIoS0-4NwiwSfRJH4f6g2gt-hWSmt75l2TEylGg9OGOMcm9de0tNDZgQeBJKHYYsGiYGbEhEXg,e3d96e44-743c-452b-b2ad-c95ae0387817,12,33,19,I
,wK3FyeRo4D2ogpwP5lg408zDMYypkjkaFz9alILd0Vs0hSi5QPXIB2HB9ylpjMwosB7-ebNagmGKgg,31f63225-9fb2-4782-9727-eb99c6eec1c4,75,211,192,I
,F4JEuynbQirkom7ezfFDuenri9P-T7r3CdNK1ttKSnNvAMbRxRNUBwPNQD3IjixcMmxztxbrkz4Vng,c1c4347a-1c43-4133-8d11-8b45b61244c4,75,108,113,I
,TpLfU9NSfI3CfhB5ZqYhddgPvKYdyx5nzJsosomBUo8TfrHlD_P8T_wsbl89MYBs2WHxjSwngypXDw,3d453d06-17d0-41f2-ba6e-5ac1590035b3,75,94,79,I
,98wNt1tbDyDntNKomNPqmiDqTZdf8caVeYtDRzObLsGqohj8MU9zNwi4cFtnX7OLMbFzcNh-97ijcw,3064a5d7-9ea0-41ce-9980-d73f3b818fa8,17,111,112,I
,36k9gwBbhYC2EkFR6ZgCwZi-FDrStGhGbMTWTubMYE_PV2BToYFYvPgerl2kCT-CSH10MWsBRm-a_Q,ea2d691c-3560-4eea-b3a1-bb2941d7da8a,71,153,99,I
,DOJunmNBpjlZxRm0-cVwlB2_fIoUOja-LXAkAG-rD1FJrGiZf92wwHk8MnTN1c2ziFmMDpTnGbWAyQ,6369e393-e102-40a8-a263-c86519d0566d,75,85,66,I
,Wkdrqy7wconGE5b3qGfwLuGnZsMBSp2z68qQv50dHR6ir7poGJo8_pA4shzQtR0-9krrEJ0csZsafA,0a7140e6-2633-4864-86a8-358045f30e3c,49,70,70,I
,pzkDwx6XV-4gauWhsUrsJwOfVbE1vpuhbfu07mcXWcYVeyGXTb9vPptcB3EaiTZoDuP5WGuYFpUZmQ,d371a60f-a94f-42c1-80cc-b573bf9e4471,25,148,124,I
,P9Z_T27dhtWgLs11lMlqNbQagHbOjq6dqpYJdfG5gEaqn-CYmu4NF724JnklX5ZjYfbuWmG-dPih4Q,9eaaac56-e3e0-4cf3-9132-622673e9275b,31,179,198,I
,m3PVImyRHqHJ50ClBXZhm40hTlOCdsbizqSz3tzBVzVjGWhOhUFvP-DZfxXdutAvrrNociDMk-LBAw,1893f4b4-2aa7-43c2-a4c3-a613787ddcfd,75,84,69,I
,A9CaaQ549Opvyqn41ih2T_y_EhVULZIRMRpSrI5J61_LxQEQ3nUJBmzIFA1fWePAzipZ7wVR6a4UcA,5858d169-90af-43ed-b9e0-bf709ea00143,99,118,107,I
,uUAqZ3Z-UvUOB8pr5qSSt2MMBFoN5Pfs-Nd1oxqQ7z9j2kFOBk-87DRyYDs7e9A9Enj6t1LlSn-sMQ,78c3440a-2f61-4dde-aa14-e25601d56df5,64,73,48,I
,M8elDKu-7Y3-3Orl5-yXaRgjjT0I8NJj6z1_FndzWpzd4ktW7eUgLwthFf0i2n9YTCmGCG7A0dQa8A,a6843665-6fab-463d-8801-6446d848d9ba,89,72,64,I
,DgE4tVezao8piOmI5M_y6fHuFG2Pkj9GjzhWEnV7tVJE4fQHihEIQ4KMRn0xY6cmagggVKuUjimO-w,9fe60f75-3f88-4f03-b530-436509e9eabe,52,188,196,I
,yK09byOT9JSF3LMS9y3WYZmZm35hizvGKV834BmulRpY6pg4yElvDSFEQ5M01LARfuh2ox_uWRZRuA,b9cd2f9f-6de4-4f39-8e84-005dad2630a8,13,388,366,I
,sgrET5huAeNEpXHJzdq3O_dTEUiiSvWYchGPbCcDicySPjCQTkONmLcoO1ONr7czJXl0xkKzF2KrzA,55ef64d6-2948-400a-976d-4863bb31bd23,75,45,32,I
,SCc6eX7tj61TO385A2ERNJk__wYDTWCrtrmzpnxeRFCJV9rVJd-Z4M0itA2Fc-TxKjHe2kpOnMUAOg,59ad5576-95ae-48f8-8c56-9f5c3cfc6a8c,75,73,65,I
,e1xWOXGHTYLO64JEWYyZ0mRCKagGZdbe9Ij0JZZ2mRnjImubpKhN3SZlSL39kdUtPhUJI7Qr6Yf-6A,add4ba7c-dcde-483a-b4d5-aa637e8e4d8d,75,93,75,I
,zp6p0xTGcsCdeoSr6yTY4uKupl2XVQhsugtO2vDYQzJjObOVuaLcWS8s4Y57IECxdw2G6jPVbfwPFw,a8b3a225-842b-4673-9ead-5391c9a53985,75,170,176,I
,Bk9i0-kPckVB3fXXAqG9CvfRQA_tmM8lFM7e2wZcy7icueYYLPMo77T6UlnveQAOJ_na2-cbR05Tpg,305ad08f-956f-4cff-9101-b69b9a41486d,75,56,51,I
,1YJhYtW4sGDJHTl2tb2TJM8_6Mqd2Q3UvQzCz1sTVQBAdrG4b1uPXUnJUih7DPE7i05CX78MGWwFKg,3bc9d2fe-54d6-43e3-9215-97995defc3c7,75,167,153,I
,Gso6kcJrHY_9sBJwvRfLdHOhOHKwdlGAjx4FFigf9AYN_Xs6lalMg0-QBV-FnEcVJl989eo8mBIgyA,9a8d1e86-95ea-4cc6-86c8-5673726dcca6,10,66,62,I
,nGZGDIgz8RUyAeiZ8k9WMTs_gdZViSemIMJfVWJdwroI0DTVhr2mZUpbieDeyERSrTQekX3p4PiM9w,f647cdbb-4417-4068-a911-6f79c340badb,75,47,42,I
,zHe37ZyvZSjHnlSUsBRAdEyCQj4oayapvOXqZvW5I6Nv4VaFFhQhsw3ZK-SnEDa4iAkErH8J8xpRew,e85a9882-4d29-455c-9e0e-085b8795be66,71,139,114,I
,gwXS3fJXQvk21z6WcVRaaxuWl27oRnvc7IN8PrKghK1fsHXhqI0J3BGgP0kP0dZRUFiPpaQyz_4BDQ,0b367729-0a7d-4781-bd31-df7a795c544f,54,217,184,I
,iqk5oRYx51FdO2UmqDNTxPoYKqguiNRgBtaSoc1MgPynWqTSNYTTOgKNOfcV94wJ3IgQGzFjsMblQQ,8208f543-5816-4e17-8fe3-42500627ffea,54,513,508,I
,9mNJoAsK2AoSqjTUt5Zu7G66SEvaI8R7bKBzJV29TGJlsq5o86gz6TI51ss_VCnz_YwcCePSFY_kYg,b428c27e-553a-448d-a97c-fc321012f403,39,153,143,I
,0eqrWoAeIfSzsC6bVP11rxXcwGo-vTvziWoj2mnO2VwIbiGMFk356eVjQqjY8AMmwpHlf9F1LrXEBg,1af40c0d-492d-4692-8899-b8434800dc76,68,36,19,I
,CIN4jFMQ-0PXSyWXSbOvAcF1XwyB_Ikkipt1pw9_SgYEyIneRh25-K1iBboRWd82e7BrEhKDMHlQ8A,cc94fdf7-1f6d-4549-b605-236e0bb9ee54,75,66,66,I
,EG2hsP3ss4X6To74tzuiKN8lqDjfXZCnMFmt2LJq-x8TGfaa_Cq1iekPyTEAkgX0YunPGjwh2m3FnQ,fc6df264-e2bd-47d7-aa80-7875dcbb683c,45,411,435,I
,P4gVRC8NsACszk2GuoGUSl4uIjTA-Dtn0sO_Q2szTYb1nqyKbhd5KlIIt1-m1m3ZsRWU0N7xcIWVlA,809ca05a-f071-476d-b5e9-9d640e69a6af,74,370,365,I
,YXhLMQuo69U3WWWxdc4pcxPlrLZ8mW24WZUp6SYZKIwCqNn_wSPZhbooQqIkqh4cTbtZ5M43fNUnIg,74a990e0-9ca0-4240-825d-53fab51a9d12,75,76,58,I
,sfurn1dHfQCWj9kbm5RYdNm4r6ER1mTbFEL5VXpigDJtBSxLqm7Ca2Cqd0rylkGUHszihj0K8u8usw,46600a84-4b6f-4e8f-8d3e-6985c957b867,75,98,88,I
,_H8SQzsebcqq0YvbTVlGto7MGf1xguup7kXmcl5tc2QtkhbabbNvDgQ6s-v9qvpdIo1i1uFiLBN5Ww,15bf1fa4-af9d-4e3e-8c66-7d21680c5927,75,139,145,I
,ud3mgr79YwnnEfMTWdVk9f2yCXrDNW5SrBluLP7eZ5H0YDE_QPCSOxiG2bXxFw348oOzIFMlzjqoww,431d8d24-fee9-4184-ab1b-4193c7657d24,75,123,130,I
,SmVD1E_5nbPMgGPq66nGrOvSNSwJu4x3RwCI7iChlnlpXLCGrEASR_TzqtfxS2FKdRyj1In-iyApPA,f50d73aa-1bb6-4d0f-b07a-282e2a4f66b0,26,61,56,I
,NfMllBt9i6Jcm8tf5AM2Z6jg6WGBGjL0NeuUx7ASKJ8fvtdq2dk-4QKConW1Vw3Gp31z8SfjWErSkQ,f77f3e34-8f03-449a-9c32-6f86480c557a,42,46,28,I
,Wk69P9tN8WgSPCB-4uAsNj6tb7sQlEf20iMgetufhz6WsyLif94_5t6Ve9I9nZrqdjQYYG4CzMCIlQ,c8a73aa1-d941-40b0-854d-4847e7463c6b,44,38,23,I
,jd-NbJ9muMlCRsLOWRwJJalig5aBecLppqXaN4n2uj0oEOyct8ewQVuFk2TT8b8Qe3m2MF6LnMkvDw,2712dc98-2d41-45ca-9883-104aa7d418e9,75,168,134,I
,DN6HeJWY_sHSCjguLqgCPXzBUiJDrEA041hj8gp3PWWi179neuqSfVuCi1hfJMpk2f2zIyPz6QGGZw,2a17986e-7c4b-495f-943f-f422d8bdbdac,57,147,141,I
